year,week,start_wk,count,weeklyCountCum,weeklyPercentageCum,start_wk_date,wk_start_dayOfYear
1975,14,01/04/1975,39,39,0.490134472791253,1975-04-01T00:00:00Z,91
1975,15,07/04/1975,58,97,1.219052406685937,1975-04-07T00:00:00Z,97
1975,16,14/04/1975,279,376,4.7253990197310545,1975-04-14T00:00:00Z,104
1975,17,21/04/1975,366,742,9.325122533618197,1975-04-21T00:00:00Z,111
1975,18,28/04/1975,530,1272,15.98592434334548,1975-04-28T00:00:00Z,118
1975,19,05/05/1975,2420,3692,46.39939675757195,1975-05-05T00:00:00Z,125
1975,20,12/05/1975,2707,6399,80.41975618951867,1975-05-12T00:00:00Z,132
1975,21,19/05/1975,528,6927,87.05542289807717,1975-05-19T00:00:00Z,139
1975,22,26/05/1975,777,7704,96.82040970214905,1975-05-26T00:00:00Z,146
1975,23,02/06/1975,210,7914,99.45959532487119,1975-06-02T00:00:00Z,153
1975,24,10/06/1975,26,7940,99.78635164006535,1975-06-10T00:00:00Z,161
1975,25,16/06/1975,10,7950,99.91202714590926,1975-06-16T00:00:00Z,167
1975,26,24/06/1975,7,7957,100,1975-06-24T00:00:00Z,175
1976,14,01/04/1976,14,14,0.22551546391752575,1976-04-01T00:00:00Z,92
1976,15,05/04/1976,60,74,1.1920103092783505,1976-04-05T00:00:00Z,96
1976,16,12/04/1976,94,168,2.7061855670103094,1976-04-12T00:00:00Z,103
1976,17,19/04/1976,217,385,6.201675257731959,1976-04-19T00:00:00Z,110
1976,18,26/04/1976,247,632,10.18041237113402,1976-04-26T00:00:00Z,117
1976,19,03/05/1976,3084,3716,59.858247422680414,1976-05-03T00:00:00Z,124
1976,20,10/05/1976,2105,5821,93.7661082474227,1976-05-10T00:00:00Z,131
1976,21,17/05/1976,351,6172,99.4201030927835,1976-05-17T00:00:00Z,138
1976,22,24/05/1976,25,6197,99.8228092783505,1976-05-24T00:00:00Z,145
1976,23,06/06/1976,1,6198,99.8389175257732,1976-06-06T00:00:00Z,158
1976,24,08/06/1976,2,6200,99.87113402061856,1976-06-08T00:00:00Z,160
1976,25,16/06/1976,4,6204,99.93556701030928,1976-06-16T00:00:00Z,168
1976,26,22/06/1976,2,6206,99.96778350515464,1976-06-22T00:00:00Z,174
1976,27,30/06/1976,1,6207,99.9838917525773,1976-06-30T00:00:00Z,182
1976,29,15/07/1976,1,6208,100,1976-07-15T00:00:00Z,197
1977,13,03/04/1977,2,2,0.06809669731018045,1977-04-03T00:00:00Z,93
1977,14,07/04/1977,5,7,0.2383384405856316,1977-04-07T00:00:00Z,97
1977,15,11/04/1977,59,66,2.247191011235955,1977-04-11T00:00:00Z,101
1977,16,18/04/1977,231,297,10.112359550561797,1977-04-18T00:00:00Z,108
1977,17,25/04/1977,153,450,15.321756894790603,1977-04-25T00:00:00Z,115
1977,18,02/05/1977,548,998,33.98025195778005,1977-05-02T00:00:00Z,122
1977,19,09/05/1977,110,1108,37.72557030983997,1977-05-09T00:00:00Z,129
1977,20,16/05/1977,502,1610,54.817841334695274,1977-05-16T00:00:00Z,136
1977,21,23/05/1977,499,2109,71.80796731358528,1977-05-23T00:00:00Z,143
1977,22,30/05/1977,623,2732,93.0200885257065,1977-05-30T00:00:00Z,150
1977,23,06/06/1977,126,2858,97.31018045624788,1977-06-06T00:00:00Z,157
1977,24,13/06/1977,61,2919,99.38712972420838,1977-06-13T00:00:00Z,164
1977,25,21/06/1977,14,2933,99.86380660537964,1977-06-21T00:00:00Z,172
1977,26,30/06/1977,2,2935,99.93190330268982,1977-06-30T00:00:00Z,181
1977,27,04/07/1977,2,2937,100,1977-07-04T00:00:00Z,185
1978,13,02/04/1978,10,10,0.40650406504065045,1978-04-02T00:00:00Z,92
1978,14,03/04/1978,15,25,1.0162601626016259,1978-04-03T00:00:00Z,93
1978,15,11/04/1978,29,54,2.195121951219512,1978-04-11T00:00:00Z,101
1978,16,17/04/1978,65,119,4.837398373983739,1978-04-17T00:00:00Z,107
1978,17,24/04/1978,274,393,15.975609756097562,1978-04-24T00:00:00Z,114
1978,18,01/05/1978,193,586,23.821138211382113,1978-05-01T00:00:00Z,121
1978,19,08/05/1978,253,839,34.10569105691057,1978-05-08T00:00:00Z,128
1978,20,15/05/1978,745,1584,64.39024390243902,1978-05-15T00:00:00Z,135
1978,21,22/05/1978,448,2032,82.60162601626017,1978-05-22T00:00:00Z,142
1978,22,29/05/1978,349,2381,96.78861788617887,1978-05-29T00:00:00Z,149
1978,23,05/06/1978,26,2407,97.84552845528455,1978-06-05T00:00:00Z,156
1978,24,13/06/1978,29,2436,99.02439024390245,1978-06-13T00:00:00Z,164
1978,25,19/06/1978,11,2447,99.47154471544715,1978-06-19T00:00:00Z,170
1978,26,27/06/1978,11,2458,99.91869918699187,1978-06-27T00:00:00Z,178
1978,27,04/07/1978,2,2460,100,1978-07-04T00:00:00Z,185
1979,14,03/04/1979,4,4,0.21810250817884408,1979-04-03T00:00:00Z,93
1979,15,10/04/1979,14,18,0.9814612868047983,1979-04-10T00:00:00Z,100
1979,16,16/04/1979,21,39,2.1264994547437297,1979-04-16T00:00:00Z,106
1979,17,24/04/1979,35,74,4.0348964013086155,1979-04-24T00:00:00Z,114
1979,18,30/04/1979,60,134,7.306434023991276,1979-04-30T00:00:00Z,120
1979,19,07/05/1979,260,394,21.483097055616142,1979-05-07T00:00:00Z,127
1979,20,14/05/1979,309,703,38.331515812431846,1979-05-14T00:00:00Z,134
1979,21,21/05/1979,382,1085,59.16030534351145,1979-05-21T00:00:00Z,141
1979,22,28/05/1979,323,1408,76.77208287895311,1979-05-28T00:00:00Z,148
1979,23,04/06/1979,99,1507,82.1701199563795,1979-06-04T00:00:00Z,155
1979,24,11/06/1979,170,1677,91.43947655398037,1979-06-11T00:00:00Z,162
1979,25,18/06/1979,124,1801,98.20065430752453,1979-06-18T00:00:00Z,169
1979,26,26/06/1979,9,1810,98.69138495092693,1979-06-26T00:00:00Z,177
1979,27,02/07/1979,11,1821,99.29116684841875,1979-07-02T00:00:00Z,183
1979,28,09/07/1979,10,1831,99.83642311886587,1979-07-09T00:00:00Z,190
1979,29,20/07/1979,3,1834,100,1979-07-20T00:00:00Z,201
1980,14,01/04/1980,7,7,0.05629724947723983,1980-04-01T00:00:00Z,92
1980,15,07/04/1980,41,48,0.38603828212964453,1980-04-07T00:00:00Z,98
1980,16,14/04/1980,106,154,1.2385394884992762,1980-04-14T00:00:00Z,105
1980,17,21/04/1980,83,237,1.90606401801512,1980-04-21T00:00:00Z,112
1980,18,28/04/1980,486,723,5.81470162457777,1980-04-28T00:00:00Z,119
1980,19,05/05/1980,1216,1939,15.594338105195432,1980-05-05T00:00:00Z,126
1980,20,12/05/1980,6783,8722,70.14637284864082,1980-05-12T00:00:00Z,133
1980,21,19/05/1980,1943,10665,85.77288081068039,1980-05-19T00:00:00Z,140
1980,22,26/05/1980,937,11602,93.30866977641949,1980-05-26T00:00:00Z,147
1980,23,02/06/1980,830,12432,99.98391507157794,1980-06-02T00:00:00Z,154
1980,24,14/06/1980,2,12434,100,1980-06-14T00:00:00Z,166
1981,14,02/04/1981,16,16,0.14825796886582654,1981-04-02T00:00:00Z,92
1981,15,06/04/1981,70,86,0.7968865826538176,1981-04-06T00:00:00Z,96
1981,16,13/04/1981,80,166,1.5381764269829503,1981-04-13T00:00:00Z,103
1981,17,20/04/1981,496,662,6.134173461823573,1981-04-20T00:00:00Z,110
1981,18,27/04/1981,2098,2760,25.57449962935508,1981-04-27T00:00:00Z,117
1981,19,04/05/1981,4150,6910,64.02891030392882,1981-05-04T00:00:00Z,124
1981,20,11/05/1981,2232,9142,84.71089696071164,1981-05-11T00:00:00Z,131
1981,21,18/05/1981,1605,10747,99.58302446256486,1981-05-18T00:00:00Z,138
1981,22,25/05/1981,31,10778,99.8702742772424,1981-05-25T00:00:00Z,145
1981,23,01/06/1981,14,10792,100,1981-06-01T00:00:00Z,152
1982,13,01/04/1982,9,9,0.07008254166017754,1982-04-01T00:00:00Z,91
1982,14,05/04/1982,24,33,0.256969319420651,1982-04-05T00:00:00Z,95
1982,15,15/04/1982,2,35,0.2725432175673571,1982-04-15T00:00:00Z,105
1982,16,20/04/1982,192,227,1.7676374396511447,1982-04-20T00:00:00Z,110
1982,17,26/04/1982,797,1024,7.973835851113534,1982-04-26T00:00:00Z,116
1982,18,03/05/1982,996,2020,15.729637128173183,1982-05-03T00:00:00Z,123
1982,19,10/05/1982,4438,6458,50.28811711571406,1982-05-10T00:00:00Z,130
1982,20,17/05/1982,4587,11045,86.00685251518455,1982-05-17T00:00:00Z,137
1982,21,24/05/1982,833,11878,92.49338109328765,1982-05-24T00:00:00Z,144
1982,22,31/05/1982,710,12588,98.02211493536832,1982-05-31T00:00:00Z,151
1982,23,07/06/1982,64,12652,98.52047967606292,1982-06-07T00:00:00Z,158
1982,24,15/06/1982,43,12695,98.8553184862171,1982-06-15T00:00:00Z,166
1982,25,21/06/1982,50,12745,99.24466593988475,1982-06-21T00:00:00Z,172
1982,26,28/06/1982,74,12819,99.82090017131287,1982-06-28T00:00:00Z,179
1982,27,06/07/1982,13,12832,99.92213050926647,1982-07-06T00:00:00Z,187
1982,28,14/07/1982,10,12842,100,1982-07-14T00:00:00Z,195
1983,13,02/04/1983,2,2,0.1303780964797914,1983-04-02T00:00:00Z,92
1983,14,07/04/1983,9,11,0.7170795306388527,1983-04-07T00:00:00Z,97
1983,15,12/04/1983,50,61,3.9765319426336374,1983-04-12T00:00:00Z,102
1983,16,18/04/1983,282,343,22.359843546284225,1983-04-18T00:00:00Z,108
1983,17,25/04/1983,185,528,34.419817470664924,1983-04-25T00:00:00Z,115
1983,18,02/05/1983,544,1072,69.88265971316818,1983-05-02T00:00:00Z,122
1983,19,09/05/1983,232,1304,85.00651890482399,1983-05-09T00:00:00Z,129
1983,20,16/05/1983,40,1344,87.61408083441981,1983-05-16T00:00:00Z,136
1983,21,23/05/1983,112,1456,94.91525423728814,1983-05-23T00:00:00Z,143
1983,22,30/05/1983,59,1515,98.76140808344198,1983-05-30T00:00:00Z,150
1983,23,06/06/1983,13,1528,99.60886571056062,1983-06-06T00:00:00Z,157
1983,24,15/06/1983,6,1534,100,1983-06-15T00:00:00Z,166
1984,13,01/04/1984,3,3,0.04315925766076824,1984-04-01T00:00:00Z,92
1984,14,03/04/1984,18,21,0.3021148036253776,1984-04-03T00:00:00Z,94
1984,15,09/04/1984,90,111,1.5968925334484247,1984-04-09T00:00:00Z,100
1984,16,16/04/1984,101,212,3.0499208746942887,1984-04-16T00:00:00Z,107
1984,17,23/04/1984,226,438,6.301251618472162,1984-04-23T00:00:00Z,114
1984,18,30/04/1984,401,839,12.07020572579485,1984-04-30T00:00:00Z,121
1984,19,07/05/1984,895,1734,24.94605092792404,1984-05-07T00:00:00Z,128
1984,20,14/05/1984,2059,3793,54.5676881024313,1984-05-14T00:00:00Z,135
1984,21,21/05/1984,2314,6107,87.85786217810387,1984-05-21T00:00:00Z,142
1984,22,28/05/1984,750,6857,98.64767659329593,1984-05-28T00:00:00Z,149
1984,23,04/06/1984,58,6915,99.48208890807078,1984-06-04T00:00:00Z,156
1984,24,12/06/1984,25,6940,99.84174938857718,1984-06-12T00:00:00Z,164
1984,25,18/06/1984,6,6946,99.92806790389872,1984-06-18T00:00:00Z,170
1984,26,30/06/1984,1,6947,99.94245432311898,1984-06-30T00:00:00Z,182
1984,28,09/07/1984,4,6951,100,1984-07-09T00:00:00Z,191
1985,14,02/04/1985,82,82,1.239981853924089,1985-04-02T00:00:00Z,92
1985,15,09/04/1985,15,97,1.4668078028126417,1985-04-09T00:00:00Z,99
1985,16,16/04/1985,35,132,1.996068350219265,1985-04-16T00:00:00Z,106
1985,17,22/04/1985,142,274,4.143353999697565,1985-04-22T00:00:00Z,112
1985,18,29/04/1985,210,484,7.318917284137305,1985-04-29T00:00:00Z,119
1985,19,06/05/1985,2561,3045,46.04566762437623,1985-05-06T00:00:00Z,126
1985,20,13/05/1985,3143,6188,93.573264781491,1985-05-13T00:00:00Z,133
1985,21,20/05/1985,395,6583,99.5463481022229,1985-05-20T00:00:00Z,140
1985,22,27/05/1985,21,6604,99.86390443066688,1985-05-27T00:00:00Z,147
1985,23,04/06/1985,9,6613,100,1985-06-04T00:00:00Z,155
1986,14,01/04/1986,10,10,0.7374631268436578,1986-04-01T00:00:00Z,91
1986,15,09/04/1986,9,19,1.4011799410029497,1986-04-09T00:00:00Z,99
1986,16,15/04/1986,9,28,2.0648967551622417,1986-04-15T00:00:00Z,105
1986,17,21/04/1986,218,246,18.141592920353983,1986-04-21T00:00:00Z,111
1986,18,28/04/1986,336,582,42.92035398230089,1986-04-28T00:00:00Z,118
1986,19,05/05/1986,298,880,64.89675516224189,1986-05-05T00:00:00Z,125
1986,20,12/05/1986,147,1027,75.73746312684366,1986-05-12T00:00:00Z,132
1986,21,19/05/1986,91,1118,82.44837758112095,1986-05-19T00:00:00Z,139
1986,22,26/05/1986,56,1174,86.57817109144543,1986-05-26T00:00:00Z,146
1986,23,03/06/1986,135,1309,96.53392330383481,1986-06-03T00:00:00Z,154
1986,24,10/06/1986,8,1317,97.12389380530973,1986-06-10T00:00:00Z,161
1986,25,19/06/1986,3,1320,97.34513274336283,1986-06-19T00:00:00Z,170
1986,26,25/06/1986,8,1328,97.93510324483776,1986-06-25T00:00:00Z,176
1986,27,01/07/1986,12,1340,98.82005899705014,1986-07-01T00:00:00Z,182
1986,28,07/07/1986,5,1345,99.18879056047197,1986-07-07T00:00:00Z,188
1986,29,15/07/1986,11,1356,100,1986-07-15T00:00:00Z,196
1987,14,01/04/1987,10,10,0.19190174630589138,1987-04-01T00:00:00Z,91
1987,15,06/04/1987,13,23,0.4413740165035502,1987-04-06T00:00:00Z,96
1987,16,13/04/1987,80,103,1.9765879869506815,1987-04-13T00:00:00Z,103
1987,17,20/04/1987,202,305,5.853003262329688,1987-04-20T00:00:00Z,110
1987,18,27/04/1987,771,1076,20.648627902513912,1987-04-27T00:00:00Z,117
1987,19,04/05/1987,1648,2724,52.274035693724805,1987-05-04T00:00:00Z,124
1987,20,11/05/1987,1025,3749,71.94396469007867,1987-05-11T00:00:00Z,131
1987,21,18/05/1987,966,4715,90.48167338322779,1987-05-18T00:00:00Z,138
1987,22,25/05/1987,320,5035,96.62252926501631,1987-05-25T00:00:00Z,145
1987,23,01/06/1987,171,5206,99.90404912684706,1987-06-01T00:00:00Z,152
1987,24,08/06/1987,4,5210,99.9808098253694,1987-06-08T00:00:00Z,159
1987,25,18/06/1987,1,5211,100,1987-06-18T00:00:00Z,169
1988,13,02/04/1988,3,3,0.07401924500370095,1988-04-02T00:00:00Z,93
1988,14,05/04/1988,156,159,3.923019985196151,1988-04-05T00:00:00Z,96
1988,15,11/04/1988,162,321,7.9200592153960025,1988-04-11T00:00:00Z,102
1988,16,18/04/1988,670,991,24.451023932889218,1988-04-18T00:00:00Z,109
1988,17,25/04/1988,110,1101,27.165062916358252,1988-04-25T00:00:00Z,116
1988,18,02/05/1988,986,2087,51.49272144090797,1988-05-02T00:00:00Z,123
1988,19,09/05/1988,691,2778,68.5418208734271,1988-05-09T00:00:00Z,130
1988,20,16/05/1988,703,3481,85.88699728596102,1988-05-16T00:00:00Z,137
1988,21,23/05/1988,258,3739,92.2526523562793,1988-05-23T00:00:00Z,144
1988,22,30/05/1988,210,3949,97.43399950653837,1988-05-30T00:00:00Z,151
1988,23,06/06/1988,104,4053,100,1988-06-06T00:00:00Z,158
1989,13,01/04/1989,9,9,0.174995139023916,1989-04-01T00:00:00Z,91
1989,14,03/04/1989,37,46,0.8944195994555707,1989-04-03T00:00:00Z,93
1989,15,10/04/1989,192,238,4.627649231965779,1989-04-10T00:00:00Z,100
1989,16,17/04/1989,130,368,7.155356795644566,1989-04-17T00:00:00Z,107
1989,17,24/04/1989,436,804,15.632899086136495,1989-04-24T00:00:00Z,114
1989,18,01/05/1989,1854,2658,51.681897725063195,1989-05-01T00:00:00Z,121
1989,19,08/05/1989,1947,4605,89.53917946723702,1989-05-08T00:00:00Z,128
1989,20,15/05/1989,38,4643,90.27804783200467,1989-05-15T00:00:00Z,135
1989,21,22/05/1989,324,4967,96.57787283686564,1989-05-22T00:00:00Z,142
1989,22,29/05/1989,70,5037,97.93894614038499,1989-05-29T00:00:00Z,149
1989,23,05/06/1989,81,5118,99.51390239160023,1989-06-05T00:00:00Z,156
1989,24,12/06/1989,25,5143,100,1989-06-12T00:00:00Z,163
1990,13,01/04/1990,11,11,0.0452228251932248,1990-04-01T00:00:00Z,91
1990,14,02/04/1990,147,158,0.6495642164117744,1990-04-02T00:00:00Z,92
1990,15,09/04/1990,219,377,1.5499095543496135,1990-04-09T00:00:00Z,99
1990,16,16/04/1990,455,832,3.420490050978457,1990-04-16T00:00:00Z,106
1990,17,23/04/1990,4585,5417,22.270185824699883,1990-04-23T00:00:00Z,113
1990,18,30/04/1990,8171,13588,55.8625226114126,1990-04-30T00:00:00Z,120
1990,19,07/05/1990,5577,19165,78.79049498437757,1990-05-07T00:00:00Z,127
1990,20,14/05/1990,1572,20737,85.25324782108206,1990-05-14T00:00:00Z,134
1990,21,21/05/1990,1942,22679,93.23713205064956,1990-05-21T00:00:00Z,141
1990,22,28/05/1990,1520,24199,99.4861042591679,1990-05-28T00:00:00Z,148
1990,23,05/06/1990,105,24304,99.91777668146686,1990-06-05T00:00:00Z,156
1990,24,14/06/1990,13,24317,99.9712218385134,1990-06-14T00:00:00Z,165
1990,25,19/06/1990,4,24321,99.98766650222002,1990-06-19T00:00:00Z,170
1990,26,27/06/1990,3,24324,100,1990-06-27T00:00:00Z,178
1991,14,01/04/1991,98,98,0.865877363491783,1991-04-01T00:00:00Z,91
1991,15,08/04/1991,92,190,1.6787418271779466,1991-04-08T00:00:00Z,98
1991,16,15/04/1991,82,272,2.403251457854745,1991-04-15T00:00:00Z,105
1991,17,22/04/1991,128,400,3.5341933203746247,1991-04-22T00:00:00Z,112
1991,18,29/04/1991,1360,1760,15.550450609648347,1991-04-29T00:00:00Z,119
1991,19,06/05/1991,4434,6194,54.72698356600107,1991-05-06T00:00:00Z,126
1991,20,13/05/1991,1886,8080,71.39070507156742,1991-05-13T00:00:00Z,133
1991,21,20/05/1991,2131,10211,90.21911998586323,1991-05-20T00:00:00Z,140
1991,22,27/05/1991,957,11168,98.67467750485952,1991-05-27T00:00:00Z,147
1991,23,03/06/1991,139,11307,99.9028096836897,1991-06-03T00:00:00Z,154
1991,24,10/06/1991,11,11318,100,1991-06-10T00:00:00Z,161
1992,14,01/04/1992,25,25,0.8245382585751979,1992-04-01T00:00:00Z,92
1992,15,06/04/1992,77,102,3.364116094986808,1992-04-06T00:00:00Z,97
1992,16,13/04/1992,76,178,5.8707124010554095,1992-04-13T00:00:00Z,104
1992,17,20/04/1992,489,667,21.99868073878628,1992-04-20T00:00:00Z,111
1992,18,27/04/1992,171,838,27.63852242744063,1992-04-27T00:00:00Z,118
1992,19,04/05/1992,272,1110,36.60949868073879,1992-05-04T00:00:00Z,125
1992,20,11/05/1992,399,1509,49.76912928759894,1992-05-11T00:00:00Z,132
1992,21,18/05/1992,449,1958,64.5778364116095,1992-05-18T00:00:00Z,139
1992,22,25/05/1992,862,2820,93.00791556728231,1992-05-25T00:00:00Z,146
1992,23,01/06/1992,156,2976,98.15303430079155,1992-06-01T00:00:00Z,153
1992,24,08/06/1992,46,3022,99.67018469656992,1992-06-08T00:00:00Z,160
1992,25,15/06/1992,5,3027,99.83509234828496,1992-06-15T00:00:00Z,167
1992,26,24/06/1992,3,3030,99.93403693931398,1992-06-24T00:00:00Z,176
1992,28,06/07/1992,1,3031,99.96701846965699,1992-07-06T00:00:00Z,188
1992,30,26/07/1992,1,3032,100,1992-07-26T00:00:00Z,208
1993,13,01/04/1993,80,80,1.8471484645578389,1993-04-01T00:00:00Z,91
1993,14,05/04/1993,32,112,2.586007850380974,1993-04-05T00:00:00Z,95
1993,15,12/04/1993,20,132,3.047794966520434,1993-04-12T00:00:00Z,102
1993,16,19/04/1993,60,192,4.433156314938813,1993-04-19T00:00:00Z,109
1993,17,26/04/1993,934,1126,25.998614638651578,1993-04-26T00:00:00Z,116
1993,18,03/05/1993,1094,2220,51.25836989148003,1993-05-03T00:00:00Z,123
1993,19,10/05/1993,2003,4223,97.50634957284691,1993-05-10T00:00:00Z,130
1993,20,17/05/1993,66,4289,99.03024705610713,1993-05-17T00:00:00Z,137
1993,21,25/05/1993,32,4321,99.76910644193026,1993-05-25T00:00:00Z,145
1993,22,31/05/1993,5,4326,99.88455322096513,1993-05-31T00:00:00Z,151
1993,23,08/06/1993,3,4329,99.95382128838605,1993-06-08T00:00:00Z,159
1993,24,17/06/1993,1,4330,99.97691064419303,1993-06-17T00:00:00Z,168
1993,25,21/06/1993,1,4331,100,1993-06-21T00:00:00Z,172
1994,14,08/04/1994,11,11,0.08804930761226287,1994-04-08T00:00:00Z,98
1994,15,13/04/1994,50,61,0.4882734331225486,1994-04-13T00:00:00Z,103
1994,16,18/04/1994,239,300,2.4013447530617142,1994-04-18T00:00:00Z,108
1994,17,25/04/1994,176,476,3.8101336748579206,1994-04-25T00:00:00Z,115
1994,18,02/05/1994,972,1448,11.590490674777875,1994-05-02T00:00:00Z,122
1994,19,09/05/1994,2987,4435,35.49987993276235,1994-05-09T00:00:00Z,129
1994,20,16/05/1994,1389,5824,46.61810613943808,1994-05-16T00:00:00Z,136
1994,21,23/05/1994,1639,7463,59.73745297366525,1994-05-23T00:00:00Z,143
1994,22,30/05/1994,3406,10869,87.00072040342593,1994-05-30T00:00:00Z,150
1994,23,06/06/1994,872,11741,93.9806291523253,1994-06-06T00:00:00Z,157
1994,24,13/06/1994,549,12290,98.37509005042824,1994-06-13T00:00:00Z,164
1994,25,20/06/1994,170,12460,99.73585207716322,1994-06-20T00:00:00Z,171
1994,26,27/06/1994,13,12473,99.83991034979589,1994-06-27T00:00:00Z,178
1994,27,04/07/1994,13,12486,99.94396862242856,1994-07-04T00:00:00Z,185
1994,28,11/07/1994,7,12493,100,1994-07-11T00:00:00Z,192
1995,14,06/04/1995,69,69,0.3782894736842105,1995-04-06T00:00:00Z,96
1995,15,10/04/1995,60,129,0.7072368421052632,1995-04-10T00:00:00Z,100
1995,16,17/04/1995,237,366,2.0065789473684212,1995-04-17T00:00:00Z,107
1995,17,24/04/1995,759,1125,6.167763157894736,1995-04-24T00:00:00Z,114
1995,18,01/05/1995,5425,6550,35.91008771929825,1995-05-01T00:00:00Z,121
1995,19,08/05/1995,1960,8510,46.655701754385966,1995-05-08T00:00:00Z,128
1995,20,15/05/1995,7330,15840,86.8421052631579,1995-05-15T00:00:00Z,135
1995,21,22/05/1995,2381,18221,99.89583333333333,1995-05-22T00:00:00Z,142
1995,22,29/05/1995,19,18240,100,1995-05-29T00:00:00Z,149
1996,15,11/04/1996,7,7,0.08904719501335707,1996-04-11T00:00:00Z,102
1996,16,18/04/1996,34,41,0.5215621422210914,1996-04-18T00:00:00Z,109
1996,17,22/04/1996,62,103,1.3102658694822542,1996-04-22T00:00:00Z,113
1996,18,30/04/1996,111,214,2.7222999618369164,1996-04-30T00:00:00Z,121
1996,19,06/05/1996,937,1151,14.641903065767714,1996-05-06T00:00:00Z,127
1996,20,13/05/1996,2109,3260,41.4705508205063,1996-05-13T00:00:00Z,134
1996,21,20/05/1996,3229,6489,82.54674977738202,1996-05-20T00:00:00Z,141
1996,22,27/05/1996,257,6746,85.81605393715812,1996-05-27T00:00:00Z,148
1996,23,03/06/1996,967,7713,98.11728787686044,1996-06-03T00:00:00Z,155
1996,24,10/06/1996,119,7832,99.63109019208753,1996-06-10T00:00:00Z,162
1996,25,17/06/1996,21,7853,99.89823177712759,1996-06-17T00:00:00Z,169
1996,26,25/06/1996,8,7861,100,1996-06-25T00:00:00Z,177
1997,14,04/04/1997,27,27,0.17331022530329288,1997-04-04T00:00:00Z,94
1997,15,07/04/1997,402,429,2.75370691315232,1997-04-07T00:00:00Z,97
1997,16,14/04/1997,1728,2157,13.845561332563067,1997-04-14T00:00:00Z,104
1997,17,21/04/1997,3550,5707,36.632646511329355,1997-04-21T00:00:00Z,111
1997,18,28/04/1997,8794,14501,93.08042878233519,1997-04-28T00:00:00Z,118
1997,19,05/05/1997,802,15303,98.22838436356633,1997-05-05T00:00:00Z,125
1997,20,12/05/1997,221,15524,99.64696065215996,1997-05-12T00:00:00Z,132
1997,21,19/05/1997,48,15572,99.95506771936581,1997-05-19T00:00:00Z,139
1997,22,26/05/1997,7,15579,100,1997-05-26T00:00:00Z,146
1998,14,31/03/1998,110,110,1.3775829680651221,1998-03-31T00:00:00Z,90
1998,15,06/04/1998,150,260,3.2561051972448336,1998-04-06T00:00:00Z,96
1998,16,14/04/1998,54,314,3.9323731997495304,1998-04-14T00:00:00Z,104
1998,17,20/04/1998,507,821,10.281778334376956,1998-04-20T00:00:00Z,110
1998,18,27/04/1998,505,1326,16.606136505948655,1998-04-27T00:00:00Z,117
1998,19,04/05/1998,1530,2856,35.76706324358172,1998-05-04T00:00:00Z,124
1998,20,11/05/1998,2990,5846,73.21227301189731,1998-05-11T00:00:00Z,131
1998,21,18/05/1998,1468,7314,91.59674389480276,1998-05-18T00:00:00Z,138
1998,22,25/05/1998,568,7882,98.71008140262994,1998-05-25T00:00:00Z,145
1998,23,01/06/1998,95,7977,99.89981214777708,1998-06-01T00:00:00Z,152
1998,24,08/06/1998,8,7985,100,1998-06-08T00:00:00Z,159
1999,13,01/04/1999,16,16,0.49185367353212417,1999-04-01T00:00:00Z,91
1999,14,05/04/1999,260,276,8.484475868429142,1999-04-05T00:00:00Z,95
1999,15,12/04/1999,351,627,19.274515831540118,1999-04-12T00:00:00Z,102
1999,16,19/04/1999,333,960,29.511220411927454,1999-04-19T00:00:00Z,109
1999,17,26/04/1999,194,1154,35.47494620350446,1999-04-26T00:00:00Z,116
1999,18,03/05/1999,1513,2667,81.98585920688595,1999-05-03T00:00:00Z,123
1999,19,10/05/1999,291,2958,90.93144789425146,1999-05-10T00:00:00Z,130
1999,20,17/05/1999,67,3025,92.99108515216723,1999-05-17T00:00:00Z,137
1999,21,24/05/1999,113,3138,96.46480172148786,1999-05-24T00:00:00Z,144
1999,22,31/05/1999,115,3253,100,1999-05-31T00:00:00Z,151
2000,13,31/03/2000,22,22,0.4824561403508772,2000-03-31T00:00:00Z,91
2000,14,05/04/2000,52,74,1.6228070175438596,2000-04-05T00:00:00Z,96
2000,15,10/04/2000,258,332,7.280701754385966,2000-04-10T00:00:00Z,101
2000,16,17/04/2000,578,910,19.956140350877195,2000-04-17T00:00:00Z,108
2000,17,24/04/2000,252,1162,25.48245614035088,2000-04-24T00:00:00Z,115
2000,18,01/05/2000,409,1571,34.45175438596491,2000-05-01T00:00:00Z,122
2000,19,08/05/2000,1782,3353,73.53070175438596,2000-05-08T00:00:00Z,129
2000,20,15/05/2000,397,3750,82.23684210526315,2000-05-15T00:00:00Z,136
2000,21,22/05/2000,795,4545,99.67105263157895,2000-05-22T00:00:00Z,143
2000,22,29/05/2000,9,4554,99.86842105263159,2000-05-29T00:00:00Z,150
2000,23,07/06/2000,5,4559,99.97807017543859,2000-06-07T00:00:00Z,159
2000,24,14/06/2000,1,4560,100,2000-06-14T00:00:00Z,166
2001,14,04/04/2001,38,38,0.38333501462725716,2001-04-04T00:00:00Z,94
2001,15,09/04/2001,88,126,1.2710582063956422,2001-04-09T00:00:00Z,99
2001,16,16/04/2001,104,230,2.320185614849188,2001-04-16T00:00:00Z,106
2001,17,24/04/2001,241,471,4.751336628669424,2001-04-24T00:00:00Z,114
2001,18,30/04/2001,435,906,9.139513769797237,2001-04-30T00:00:00Z,120
2001,19,07/05/2001,3778,4684,47.251084434580854,2001-05-07T00:00:00Z,127
2001,20,14/05/2001,2305,6989,70.50337940078684,2001-05-14T00:00:00Z,134
2001,21,21/05/2001,2494,9483,95.6622616765863,2001-05-21T00:00:00Z,141
2001,22,28/05/2001,207,9690,97.75042872995057,2001-05-28T00:00:00Z,148
2001,23,04/06/2001,179,9869,99.55613840411581,2001-06-04T00:00:00Z,155
2001,24,11/06/2001,44,9913,100,2001-06-11T00:00:00Z,162
2002,14,02/04/2002,66,66,0.47982551799345696,2002-04-02T00:00:00Z,92
2002,15,08/04/2002,157,223,1.6212286441294073,2002-04-08T00:00:00Z,98
2002,16,15/04/2002,717,940,6.8338785896037795,2002-04-15T00:00:00Z,105
2002,17,22/04/2002,2104,3044,22.13013449654671,2002-04-22T00:00:00Z,112
2002,18,29/04/2002,4609,7653,55.63794983642312,2002-04-29T00:00:00Z,119
2002,19,06/05/2002,5875,13528,98.34969102144674,2002-05-06T00:00:00Z,126
2002,20,13/05/2002,218,13746,99.93456924754635,2002-05-13T00:00:00Z,133
2002,21,20/05/2002,8,13754,99.99272991639404,2002-05-20T00:00:00Z,140
2002,22,28/05/2002,1,13755,100,2002-05-28T00:00:00Z,148
2003,14,01/04/2003,155,155,2.3574144486692017,2003-04-01T00:00:00Z,91
2003,15,07/04/2003,429,584,8.88212927756654,2003-04-07T00:00:00Z,97
2003,16,14/04/2003,1379,1963,29.855513307984793,2003-04-14T00:00:00Z,104
2003,17,21/04/2003,3812,5775,87.83269961977186,2003-04-21T00:00:00Z,111
2003,18,28/04/2003,464,6239,94.88973384030417,2003-04-28T00:00:00Z,118
2003,19,05/05/2003,89,6328,96.24334600760456,2003-05-05T00:00:00Z,125
2003,20,12/05/2003,236,6564,99.83269961977186,2003-05-12T00:00:00Z,132
2003,21,20/05/2003,4,6568,99.893536121673,2003-05-20T00:00:00Z,140
2003,22,27/05/2003,2,6570,99.92395437262357,2003-05-27T00:00:00Z,147
2003,23,03/06/2003,5,6575,100,2003-06-03T00:00:00Z,154
2004,14,01/04/2004,35,35,1.4118596208148446,2004-04-01T00:00:00Z,92
2004,15,05/04/2004,23,58,2.3396530859217424,2004-04-05T00:00:00Z,96
2004,16,12/04/2004,137,195,7.866075030254134,2004-04-12T00:00:00Z,103
2004,17,19/04/2004,157,352,14.199273900766437,2004-04-19T00:00:00Z,110
2004,18,26/04/2004,641,993,40.05647438483259,2004-04-26T00:00:00Z,117
2004,19,03/05/2004,239,1232,49.697458652682535,2004-05-03T00:00:00Z,124
2004,20,10/05/2004,410,1642,66.23638563937071,2004-05-10T00:00:00Z,131
2004,21,17/05/2004,436,2078,83.82412263009277,2004-05-17T00:00:00Z,138
2004,22,24/05/2004,166,2244,90.52037111738605,2004-05-24T00:00:00Z,145
2004,23,31/05/2004,170,2414,97.37797498991529,2004-05-31T00:00:00Z,152
2004,24,08/06/2004,54,2468,99.55627269060105,2004-06-08T00:00:00Z,160
2004,25,15/06/2004,11,2479,100,2004-06-15T00:00:00Z,167
2005,14,04/04/2005,129,129,4.942528735632184,2005-04-04T00:00:00Z,94
2005,15,11/04/2005,198,327,12.528735632183906,2005-04-11T00:00:00Z,101
2005,16,18/04/2005,268,595,22.796934865900383,2005-04-18T00:00:00Z,108
2005,17,25/04/2005,529,1124,43.065134099616856,2005-04-25T00:00:00Z,115
2005,18,02/05/2005,338,1462,56.015325670498086,2005-05-02T00:00:00Z,122
2005,19,09/05/2005,265,1727,66.16858237547892,2005-05-09T00:00:00Z,129
2005,20,16/05/2005,725,2452,93.9463601532567,2005-05-16T00:00:00Z,136
2005,21,23/05/2005,155,2607,99.88505747126437,2005-05-23T00:00:00Z,143
2005,22,02/06/2005,3,2610,100,2005-06-02T00:00:00Z,153
2006,14,04/04/2006,7,7,0.044969805987408455,2006-04-04T00:00:00Z,94
2006,15,11/04/2006,34,41,0.26339457792624954,2006-04-11T00:00:00Z,101
2006,16,17/04/2006,167,208,1.3362456636258513,2006-04-17T00:00:00Z,107
2006,17,24/04/2006,1166,1374,8.82693048952846,2006-04-24T00:00:00Z,114
2006,18,01/05/2006,4491,5865,37.67827315945008,2006-05-01T00:00:00Z,121
2006,19,08/05/2006,4828,10693,68.69459077476552,2006-05-08T00:00:00Z,128
2006,20,15/05/2006,4642,15335,98.51599640241552,2006-05-15T00:00:00Z,135
2006,21,22/05/2006,55,15390,98.86933059231659,2006-05-22T00:00:00Z,142
2006,22,29/05/2006,39,15429,99.11987665424643,2006-05-29T00:00:00Z,149
2006,23,05/06/2006,91,15520,99.70448413208275,2006-06-05T00:00:00Z,156
2006,24,12/06/2006,30,15550,99.89721187202878,2006-06-12T00:00:00Z,163
2006,25,21/06/2006,2,15552,99.91006038802517,2006-06-21T00:00:00Z,172
2006,26,29/06/2006,14,15566,100,2006-06-29T00:00:00Z,180
2007,14,04/04/2007,183,183,1.1884660345499416,2007-04-04T00:00:00Z,94
2007,15,09/04/2007,1404,1587,10.306533316015067,2007-04-09T00:00:00Z,99
2007,16,16/04/2007,3205,4792,31.120924795427978,2007-04-16T00:00:00Z,106
2007,17,23/04/2007,3971,8763,56.90998831017016,2007-04-23T00:00:00Z,113
2007,18,30/04/2007,3714,12477,81.03000389660994,2007-04-30T00:00:00Z,120
2007,19,07/05/2007,2751,15228,98.89596051435251,2007-05-07T00:00:00Z,127
2007,20,14/05/2007,88,15316,99.46746330692298,2007-05-14T00:00:00Z,134
2007,21,21/05/2007,66,15382,99.89609040135082,2007-05-21T00:00:00Z,141
2007,22,28/05/2007,16,15398,100,2007-05-28T00:00:00Z,148
2008,14,02/04/2008,133,133,2.844311377245509,2008-04-02T00:00:00Z,93
2008,15,07/04/2008,44,177,3.7852865697177074,2008-04-07T00:00:00Z,98
2008,16,15/04/2008,46,223,4.769033361847733,2008-04-15T00:00:00Z,106
2008,17,21/04/2008,662,885,18.926432848588536,2008-04-21T00:00:00Z,112
2008,18,28/04/2008,1170,2055,43.94781864841745,2008-04-28T00:00:00Z,119
2008,19,05/05/2008,939,2994,64.02908468776732,2008-05-05T00:00:00Z,126
2008,20,12/05/2008,589,3583,76.62532078699743,2008-05-12T00:00:00Z,133
2008,21,19/05/2008,527,4110,87.8956372968349,2008-05-19T00:00:00Z,140
2008,22,26/05/2008,448,4558,97.4764756201882,2008-05-26T00:00:00Z,147
2008,23,02/06/2008,100,4658,99.61505560307955,2008-06-02T00:00:00Z,154
2008,24,09/06/2008,15,4673,99.93584260051325,2008-06-09T00:00:00Z,161
2008,25,17/06/2008,3,4676,100,2008-06-17T00:00:00Z,169
2009,14,31/03/2009,753,753,3.978653703899398,2009-03-31T00:00:00Z,90
2009,15,06/04/2009,1058,1811,9.5688470886611,2009-04-06T00:00:00Z,96
2009,16,13/04/2009,882,2693,14.229102821515378,2009-04-13T00:00:00Z,103
2009,17,20/04/2009,3184,5877,31.052520342386135,2009-04-20T00:00:00Z,110
2009,18,27/04/2009,8195,14072,74.3527422593258,2009-04-27T00:00:00Z,117
2009,19,04/05/2009,3506,17578,92.87752298425447,2009-05-04T00:00:00Z,124
2009,20,11/05/2009,1328,18906,99.8943252668287,2009-05-11T00:00:00Z,131
2009,21,19/05/2009,11,18917,99.9524463700729,2009-05-19T00:00:00Z,139
2009,22,27/05/2009,9,18926,100,2009-05-27T00:00:00Z,147
2010,13,01/04/2010,1,1,0.015463120457708365,2010-04-01T00:00:00Z,91
2010,14,08/04/2010,38,39,0.6030616978506262,2010-04-08T00:00:00Z,98
2010,15,12/04/2010,97,136,2.1029843822483376,2010-04-12T00:00:00Z,102
2010,16,19/04/2010,103,239,3.695685789392299,2010-04-19T00:00:00Z,109
2010,17,26/04/2010,499,738,11.411782897788774,2010-04-26T00:00:00Z,116
2010,18,03/05/2010,1311,2049,31.68393381784444,2010-05-03T00:00:00Z,123
2010,19,10/05/2010,1646,3695,57.136230091232406,2010-05-10T00:00:00Z,130
2010,20,17/05/2010,2197,5892,91.10870573681768,2010-05-17T00:00:00Z,137
2010,21,24/05/2010,310,6202,95.90227307870728,2010-05-24T00:00:00Z,144
2010,22,31/05/2010,259,6461,99.90722127725375,2010-05-31T00:00:00Z,151
2010,23,07/06/2010,4,6465,99.96907375908458,2010-06-07T00:00:00Z,158
2010,24,18/06/2010,2,6467,100,2010-06-18T00:00:00Z,169
2011,14,05/04/2011,178,178,1.0580752541163883,2011-04-05T00:00:00Z,95
2011,15,11/04/2011,130,308,1.830826844201391,2011-04-11T00:00:00Z,101
2011,16,18/04/2011,3526,3834,22.790227664506926,2011-04-18T00:00:00Z,108
2011,17,25/04/2011,7763,11597,68.9353860785829,2011-04-25T00:00:00Z,115
2011,18,02/05/2011,5180,16777,99.72656482196992,2011-05-02T00:00:00Z,122
2011,19,09/05/2011,36,16813,99.94055756999346,2011-05-09T00:00:00Z,129
2011,20,17/05/2011,10,16823,100,2011-05-17T00:00:00Z,137
2012,14,03/04/2012,466,466,13.558335757928425,2012-04-03T00:00:00Z,94
2012,15,09/04/2012,1670,2136,62.14722141402385,2012-04-09T00:00:00Z,100
2012,16,16/04/2012,618,2754,80.1280186208903,2012-04-16T00:00:00Z,107
2012,17,23/04/2012,197,2951,85.85976141984288,2012-04-23T00:00:00Z,114
2012,18,04/05/2012,38,2989,86.9653767820774,2012-05-04T00:00:00Z,125
2012,19,07/05/2012,326,3315,96.450392784405,2012-05-07T00:00:00Z,128
2012,20,14/05/2012,41,3356,97.6432935699738,2012-05-14T00:00:00Z,135
2012,21,23/05/2012,63,3419,99.47628745999418,2012-05-23T00:00:00Z,144
2012,22,29/05/2012,18,3437,100,2012-05-29T00:00:00Z,150
2013,15,09/04/2013,9,9,0.9090909090909091,2013-04-09T00:00:00Z,99
2013,17,25/04/2013,27,36,3.6363636363636362,2013-04-25T00:00:00Z,115
2013,18,30/04/2013,342,378,38.18181818181819,2013-04-30T00:00:00Z,120
2013,19,06/05/2013,207,585,59.09090909090909,2013-05-06T00:00:00Z,126
2013,20,13/05/2013,381,966,97.57575757575758,2013-05-13T00:00:00Z,133
2013,21,20/05/2013,16,982,99.19191919191918,2013-05-20T00:00:00Z,140
2013,22,28/05/2013,8,990,100,2013-05-28T00:00:00Z,148
