year,week,start_wk,count,weeklyCountCum,weeklyPercentageCum,start_wk_date,wk_start_dayOfYear,quartile
1975,19,05/05/1975,2420,3692,46.39939675757195,1975-05-05T00:00:00Z,125,25
1975,20,12/05/1975,2707,6399,80.41975618951867,1975-05-12T00:00:00Z,132,50
1975,20,12/05/1975,2707,6399,80.41975618951867,1975-05-12T00:00:00Z,132,75
1976,19,03/05/1976,3084,3716,59.858247422680414,1976-05-03T00:00:00Z,124,25
1976,19,03/05/1976,3084,3716,59.858247422680414,1976-05-03T00:00:00Z,124,50
1976,20,10/05/1976,2105,5821,93.7661082474227,1976-05-10T00:00:00Z,131,75
1977,18,02/05/1977,548,998,33.98025195778005,1977-05-02T00:00:00Z,122,25
1977,20,16/05/1977,502,1610,54.817841334695274,1977-05-16T00:00:00Z,136,50
1977,22,30/05/1977,623,2732,93.0200885257065,1977-05-30T00:00:00Z,150,75
1978,19,08/05/1978,253,839,34.10569105691057,1978-05-08T00:00:00Z,128,25
1978,20,15/05/1978,745,1584,64.39024390243902,1978-05-15T00:00:00Z,135,50
1978,21,22/05/1978,448,2032,82.60162601626017,1978-05-22T00:00:00Z,142,75
1979,20,14/05/1979,309,703,38.331515812431846,1979-05-14T00:00:00Z,134,25
1979,21,21/05/1979,382,1085,59.16030534351145,1979-05-21T00:00:00Z,141,50
1979,22,28/05/1979,323,1408,76.77208287895311,1979-05-28T00:00:00Z,148,75
1980,20,12/05/1980,6783,8722,70.14637284864082,1980-05-12T00:00:00Z,133,25
1980,20,12/05/1980,6783,8722,70.14637284864082,1980-05-12T00:00:00Z,133,50
1980,21,19/05/1980,1943,10665,85.77288081068039,1980-05-19T00:00:00Z,140,75
1981,18,27/04/1981,2098,2760,25.57449962935508,1981-04-27T00:00:00Z,117,25
1981,19,04/05/1981,4150,6910,64.02891030392882,1981-05-04T00:00:00Z,124,50
1981,20,11/05/1981,2232,9142,84.71089696071164,1981-05-11T00:00:00Z,131,75
1982,19,10/05/1982,4438,6458,50.28811711571406,1982-05-10T00:00:00Z,130,25
1982,19,10/05/1982,4438,6458,50.28811711571406,1982-05-10T00:00:00Z,130,50
1982,20,17/05/1982,4587,11045,86.00685251518455,1982-05-17T00:00:00Z,137,75
1983,17,25/04/1983,185,528,34.419817470664924,1983-04-25T00:00:00Z,115,25
1983,18,02/05/1983,544,1072,69.88265971316818,1983-05-02T00:00:00Z,122,50
1983,19,09/05/1983,232,1304,85.00651890482399,1983-05-09T00:00:00Z,129,75
1984,20,14/05/1984,2059,3793,54.5676881024313,1984-05-14T00:00:00Z,135,25
1984,20,14/05/1984,2059,3793,54.5676881024313,1984-05-14T00:00:00Z,135,50
1984,21,21/05/1984,2314,6107,87.85786217810387,1984-05-21T00:00:00Z,142,75
1985,19,06/05/1985,2561,3045,46.04566762437623,1985-05-06T00:00:00Z,126,25
1985,20,13/05/1985,3143,6188,93.573264781491,1985-05-13T00:00:00Z,133,50
1985,20,13/05/1985,3143,6188,93.573264781491,1985-05-13T00:00:00Z,133,75
1986,18,28/04/1986,336,582,42.92035398230089,1986-04-28T00:00:00Z,118,25
1986,19,05/05/1986,298,880,64.89675516224189,1986-05-05T00:00:00Z,125,50
1986,20,12/05/1986,147,1027,75.73746312684366,1986-05-12T00:00:00Z,132,75
1987,19,04/05/1987,1648,2724,52.274035693724805,1987-05-04T00:00:00Z,124,25
1987,19,04/05/1987,1648,2724,52.274035693724805,1987-05-04T00:00:00Z,124,50
1987,21,18/05/1987,966,4715,90.48167338322779,1987-05-18T00:00:00Z,138,75
1988,17,25/04/1988,110,1101,27.165062916358252,1988-04-25T00:00:00Z,116,25
1988,18,02/05/1988,986,2087,51.49272144090797,1988-05-02T00:00:00Z,123,50
1988,20,16/05/1988,703,3481,85.88699728596102,1988-05-16T00:00:00Z,137,75
1989,18,01/05/1989,1854,2658,51.681897725063195,1989-05-01T00:00:00Z,121,25
1989,18,01/05/1989,1854,2658,51.681897725063195,1989-05-01T00:00:00Z,121,50
1989,19,08/05/1989,1947,4605,89.53917946723702,1989-05-08T00:00:00Z,128,75
1990,18,30/04/1990,8171,13588,55.8625226114126,1990-04-30T00:00:00Z,120,25
1990,18,30/04/1990,8171,13588,55.8625226114126,1990-04-30T00:00:00Z,120,50
1990,19,07/05/1990,5577,19165,78.79049498437757,1990-05-07T00:00:00Z,127,75
1991,19,06/05/1991,4434,6194,54.72698356600107,1991-05-06T00:00:00Z,126,25
1991,19,06/05/1991,4434,6194,54.72698356600107,1991-05-06T00:00:00Z,126,50
1991,21,20/05/1991,2131,10211,90.21911998586323,1991-05-20T00:00:00Z,140,75
1992,18,27/04/1992,171,838,27.63852242744063,1992-04-27T00:00:00Z,118,25
1992,21,18/05/1992,449,1958,64.5778364116095,1992-05-18T00:00:00Z,139,50
1992,22,25/05/1992,862,2820,93.00791556728231,1992-05-25T00:00:00Z,146,75
1993,17,26/04/1993,934,1126,25.998614638651578,1993-04-26T00:00:00Z,116,25
1993,18,03/05/1993,1094,2220,51.25836989148003,1993-05-03T00:00:00Z,123,50
1993,19,10/05/1993,2003,4223,97.50634957284691,1993-05-10T00:00:00Z,130,75
1994,19,09/05/1994,2987,4435,35.49987993276235,1994-05-09T00:00:00Z,129,25
1994,21,23/05/1994,1639,7463,59.73745297366525,1994-05-23T00:00:00Z,143,50
1994,22,30/05/1994,3406,10869,87.00072040342593,1994-05-30T00:00:00Z,150,75
1995,18,01/05/1995,5425,6550,35.91008771929825,1995-05-01T00:00:00Z,121,25
1995,20,15/05/1995,7330,15840,86.8421052631579,1995-05-15T00:00:00Z,135,50
1995,20,15/05/1995,7330,15840,86.8421052631579,1995-05-15T00:00:00Z,135,75
1996,20,13/05/1996,2109,3260,41.4705508205063,1996-05-13T00:00:00Z,134,25
1996,21,20/05/1996,3229,6489,82.54674977738202,1996-05-20T00:00:00Z,141,50
1996,21,20/05/1996,3229,6489,82.54674977738202,1996-05-20T00:00:00Z,141,75
1997,17,21/04/1997,3550,5707,36.632646511329355,1997-04-21T00:00:00Z,111,25
1997,18,28/04/1997,8794,14501,93.08042878233519,1997-04-28T00:00:00Z,118,50
1997,18,28/04/1997,8794,14501,93.08042878233519,1997-04-28T00:00:00Z,118,75
1998,19,04/05/1998,1530,2856,35.76706324358172,1998-05-04T00:00:00Z,124,25
1998,20,11/05/1998,2990,5846,73.21227301189731,1998-05-11T00:00:00Z,131,50
1998,21,18/05/1998,1468,7314,91.59674389480276,1998-05-18T00:00:00Z,138,75
1999,16,19/04/1999,333,960,29.511220411927454,1999-04-19T00:00:00Z,109,25
1999,18,03/05/1999,1513,2667,81.98585920688595,1999-05-03T00:00:00Z,123,50
1999,18,03/05/1999,1513,2667,81.98585920688595,1999-05-03T00:00:00Z,123,75
2000,17,24/04/2000,252,1162,25.48245614035088,2000-04-24T00:00:00Z,115,25
2000,19,08/05/2000,1782,3353,73.53070175438596,2000-05-08T00:00:00Z,129,50
2000,20,15/05/2000,397,3750,82.23684210526315,2000-05-15T00:00:00Z,136,75
2001,19,07/05/2001,3778,4684,47.251084434580854,2001-05-07T00:00:00Z,127,25
2001,20,14/05/2001,2305,6989,70.50337940078684,2001-05-14T00:00:00Z,134,50
2001,21,21/05/2001,2494,9483,95.6622616765863,2001-05-21T00:00:00Z,141,75
2002,18,29/04/2002,4609,7653,55.63794983642312,2002-04-29T00:00:00Z,119,25
2002,18,29/04/2002,4609,7653,55.63794983642312,2002-04-29T00:00:00Z,119,50
2002,19,06/05/2002,5875,13528,98.34969102144674,2002-05-06T00:00:00Z,126,75
2003,16,14/04/2003,1379,1963,29.855513307984793,2003-04-14T00:00:00Z,104,25
2003,17,21/04/2003,3812,5775,87.83269961977186,2003-04-21T00:00:00Z,111,50
2003,17,21/04/2003,3812,5775,87.83269961977186,2003-04-21T00:00:00Z,111,75
2004,18,26/04/2004,641,993,40.05647438483259,2004-04-26T00:00:00Z,117,25
2004,20,10/05/2004,410,1642,66.23638563937071,2004-05-10T00:00:00Z,131,50
2004,21,17/05/2004,436,2078,83.82412263009277,2004-05-17T00:00:00Z,138,75
2005,17,25/04/2005,529,1124,43.065134099616856,2005-04-25T00:00:00Z,115,25
2005,18,02/05/2005,338,1462,56.015325670498086,2005-05-02T00:00:00Z,122,50
2005,20,16/05/2005,725,2452,93.9463601532567,2005-05-16T00:00:00Z,136,75
2006,18,01/05/2006,4491,5865,37.67827315945008,2006-05-01T00:00:00Z,121,25
2006,19,08/05/2006,4828,10693,68.69459077476552,2006-05-08T00:00:00Z,128,50
2006,20,15/05/2006,4642,15335,98.51599640241552,2006-05-15T00:00:00Z,135,75
2007,16,16/04/2007,3205,4792,31.120924795427978,2007-04-16T00:00:00Z,106,25
2007,17,23/04/2007,3971,8763,56.90998831017016,2007-04-23T00:00:00Z,113,50
2007,18,30/04/2007,3714,12477,81.03000389660994,2007-04-30T00:00:00Z,120,75
2008,18,28/04/2008,1170,2055,43.94781864841745,2008-04-28T00:00:00Z,119,25
2008,19,05/05/2008,939,2994,64.02908468776732,2008-05-05T00:00:00Z,126,50
2008,20,12/05/2008,589,3583,76.62532078699743,2008-05-12T00:00:00Z,133,75
2009,17,20/04/2009,3184,5877,31.052520342386135,2009-04-20T00:00:00Z,110,25
2009,18,27/04/2009,8195,14072,74.3527422593258,2009-04-27T00:00:00Z,117,50
2009,19,04/05/2009,3506,17578,92.87752298425447,2009-05-04T00:00:00Z,124,75
2010,18,03/05/2010,1311,2049,31.68393381784444,2010-05-03T00:00:00Z,123,25
2010,19,10/05/2010,1646,3695,57.136230091232406,2010-05-10T00:00:00Z,130,50
2010,20,17/05/2010,2197,5892,91.10870573681768,2010-05-17T00:00:00Z,137,75
2011,17,25/04/2011,7763,11597,68.9353860785829,2011-04-25T00:00:00Z,115,25
2011,17,25/04/2011,7763,11597,68.9353860785829,2011-04-25T00:00:00Z,115,50
2011,18,02/05/2011,5180,16777,99.72656482196992,2011-05-02T00:00:00Z,122,75
2012,15,09/04/2012,1670,2136,62.14722141402385,2012-04-09T00:00:00Z,100,25
2012,15,09/04/2012,1670,2136,62.14722141402385,2012-04-09T00:00:00Z,100,50
2012,16,16/04/2012,618,2754,80.1280186208903,2012-04-16T00:00:00Z,107,75
2013,18,30/04/2013,342,378,38.18181818181819,2013-04-30T00:00:00Z,120,25
2013,19,06/05/2013,207,585,59.09090909090909,2013-05-06T00:00:00Z,126,50
2013,20,13/05/2013,381,966,97.57575757575758,2013-05-13T00:00:00Z,133,75
